week,facebook_spend,google_spend,tiktok_spend,instagram_spend,snapchat_spend,social_followers,average_price,promotions,emails_send,sms_send,revenue,year,quarter,month,week_of_year,days_since_start,facebook_spend_active,facebook_spend_log,google_spend_active,google_spend_log,tiktok_spend_active,tiktok_spend_log,instagram_spend_active,instagram_spend_log,snapchat_spend_active,snapchat_spend_log,total_social_spend,total_social_spend_log,facebook_spend_adstock,google_spend_adstock,tiktok_spend_adstock,instagram_spend_adstock,snapchat_spend_adstock,facebook_spend_lag1,facebook_spend_lag2,total_social_spend_lag1,total_social_spend_lag2,emails_send_lag1,emails_send_lag2,sms_send_lag1,sms_send_lag2,facebook_spend_ma4,total_social_spend_ma4,average_price_ma4,price_deviation,price_log,followers_growth,sin_week,cos_week,sin_month,cos_month,revenue_clean,revenue_log
2023-09-17,6030.8,3130.14,2993.22,1841.08,2204.72,0,101.95,0,102684,20098,83124.16,2023,3,9,37,0,1,8.704800752639429,1,8.049152434475593,1,8.00443904257395,1,7.518650646925354,1,7.698809265193673,13069.82,9.478137543747422,6030.8,3130.14,2993.22,1841.08,2204.72,0.0,0.0,0.0,0.0,0.0,0.0,0.0,0.0,6030.8,13069.82,101.95,1.9874999999999972,4.624482497020464,0.0,-0.970941817426052,-0.23931566428755774,-1.0,-1.8369701987210297e-16,83124.16,11.328102702768334
2023-09-24,5241.44,2704.0,0.0,0.0,0.0,0,103.86,0,96573,29920,373.02,2023,3,9,38,7,1,8.564542317789265,1,7.902857191280582,0,0.0,0,0.0,0,0.0,5241.44,8.564542317789265,8256.84,4269.07,1496.61,920.54,1102.36,6030.8,0.0,13069.82,0.0,102684.0,0.0,20098.0,0.0,5636.12,9155.63,102.905,3.8974999999999937,4.6430438384161725,0.0,-0.992708874098054,-0.12053668025532357,-1.0,-1.8369701987210297e-16,373.02,5.924309271920574
2023-10-01,5893.0,0.0,0.0,0.0,0.0,0,100.38,0,96797,22304,513.01,2023,4,10,39,14,1,8.68169016329764,0,0.0,0,0.0,0,0.0,0,0.0,5893.0,8.68169016329764,10021.42,2134.535,748.305,460.27,551.18,5241.44,6030.8,5241.44,13069.82,96573.0,102684.0,29920.0,20098.0,5721.746666666666,8068.086666666666,102.06333333333333,0.41749999999998977,4.608962984226787,0.0,-1.0,-1.8369701987210297e-16,-0.8660254037844386,0.5000000000000001,513.01,6.242242720518832
2023-10-08,7167.16,0.0,0.0,0.0,0.0,0,103.14,1,99098,14171,452.78,2023,4,10,40,21,1,8.877404275834218,0,0.0,0,0.0,0,0.0,0,0.0,7167.16,8.877404275834218,12177.869999999999,1067.2675,374.1525,230.135,275.59,5893.0,5241.44,5893.0,5241.44,96797.0,96573.0,22304.0,29920.0,6083.1,7842.855,102.3325,3.177499999999995,4.636087288622813,0.0,-0.992708874098054,0.1205366802553232,-0.8660254037844386,0.5000000000000001,452.78,6.117612499095993
2023-10-15,5360.29,0.0,0.0,3237.15,0.0,0,107.76,1,120754,30207,41441.95,2023,4,10,41,28,1,8.586959896749866,0,0.0,0,0.0,1,8.082757458056525,0,0.0,8597.44,9.059336070438636,11449.224999999999,533.63375,187.07625,3352.2175,137.795,7167.16,5893.0,7167.16,5893.0,99098.0,96797.0,14171.0,22304.0,5915.4725,6724.76,103.785,7.797499999999999,4.679906532102109,0.0,-0.9709418174260521,0.23931566428755738,-0.8660254037844386,0.5000000000000001,41441.95,10.632073061658359
2023-10-22,4195.29,3385.89,0.0,3438.69,0.0,0,102.55,0,116640,25808,141742.69,2023,4,10,42,35,1,8.341956080569336,1,8.127667375171985,0,0.0,1,8.143136630027659,0,0.0,7633.98,8.940495598133912,9919.9025,3652.706875,93.538125,5114.79875,68.8975,5360.29,7167.16,8597.44,7167.16,120754.0,99098.0,30207.0,14171.0,5653.9349999999995,7322.895,103.4575,2.5874999999999915,4.63035048451839,0.0,-0.9350162426854148,0.35460488704253557,-0.8660254037844386,0.5000000000000001,141742.69,11.861775705607995
2023-10-29,4788.44,4012.79,0.0,3103.79,838.75,0,107.29,0,109633,15211,42968.41,2023,4,10,43,42,1,8.474168773340782,1,8.297491211096824,0,0.0,1,8.040701359230134,1,6.733104228492402,8730.98,9.074747427241192,9748.39125,5839.1434375,46.7690625,5661.189375,873.19875,4195.29,5360.29,7633.98,8597.44,116640.0,120754.0,25808.0,30207.0,5377.794999999999,8032.39,105.185,7.327500000000001,4.675535448648655,0.0,-0.8854560256532101,0.464723172043768,-0.8660254037844386,0.5000000000000001,42968.41,10.66824374616512
2023-11-05,6862.08,0.0,0.0,2852.1,2230.06,0,110.24,0,135573,13775,1.0,2023,4,11,44,49,1,8.83391159955059,0,0.0,0,0.0,1,7.9561614014229285,1,7.710232087840511,11944.24,9.388088151646807,11736.275625,2919.57171875,23.38453125,5682.694687499999,2666.659375,4788.44,4195.29,8730.98,7633.98,109633.0,116640.0,15211.0,25808.0,5301.525,9226.66,106.96000000000001,10.27749999999999,4.7026598072653485,0.0,-0.822983865893657,0.5680647467311548,-0.5000000000000004,0.8660254037844384,,
2023-11-12,5792.88,0.0,0.0,3003.76,1598.5,0,108.45,0,114713,22805,23117.23,2023,4,11,45,56,1,8.66455746703439,0,0.0,0,0.0,1,8.007952976891259,1,7.377446359389572,10395.14,9.249189862388674,11661.0178125,1459.785859375,11.692265625,5845.10734375,2931.8296875,6862.08,4788.44,11944.24,8730.98,135573.0,109633.0,13775.0,15211.0,5409.6725,9676.085,107.13250000000001,8.487499999999997,4.6862892372728835,0.0,-0.7485107481711011,0.6631226582407952,-0.5000000000000004,0.8660254037844384,23117.23,10.048376762762244
2023-11-19,5881.88,0.0,2735.2,3705.38,2952.89,0,108.59,0,146399,21043,26904.34,2023,4,11,46,63,1,8.679801716900172,0,0.0,1,7.914325375486014,1,8.21781093801622,1,7.990878224754114,15275.349999999999,9.634061159839941,11712.38890625,729.8929296875,2741.0461328124998,6627.933671875,4418.80484375,5792.88,6862.08,10395.14,11944.24,114713.0,135573.0,22805.0,13775.0,5831.320000000001,11586.4275,108.64250000000001,8.627499999999998,4.687579322228809,0.0,-0.6631226582407955,0.7485107481711007,-0.5000000000000004,0.8660254037844384,26904.34,10.200080058899982
2023-11-26,5751.98,0.0,0.0,3087.06,0.0,0,105.41,0,159759,22372,77248.04,2023,4,11,47,70,1,8.65747326041018,0,0.0,0,0.0,1,8.035298341007719,0,0.0,8839.039999999999,9.08704668050833,11608.174453125,364.94646484375,1370.5230664062499,6401.0268359375,2209.402421875,5881.88,5792.88,15275.349999999999,10395.14,146399.0,114713.0,21043.0,22805.0,6072.205,11613.442499999997,108.1725,5.447499999999991,4.657857508267098,0.0,-0.5680647467311559,0.8229838658936564,-0.5000000000000004,0.8660254037844384,77248.04,11.254789767498307
2023-12-03,5274.61,6083.16,0.0,3659.59,0.0,0,105.46,0,106995,27347,95381.58,2023,4,12,48,77,1,8.570849591468926,1,8.71344395152122,0,0.0,1,8.205379615589528,0,0.0,8934.2,9.097753811226617,11078.6972265625,6265.633232421875,685.2615332031249,6860.10341796875,1104.7012109375,5751.98,5881.88,8839.039999999999,15275.349999999999,159759.0,146399.0,22372.0,21043.0,5675.3375,10860.932499999999,106.97749999999999,5.497499999999988,4.658331734102323,0.0,-0.4647231720437684,0.88545602565321,-2.4492935982947064e-16,1.0,95381.58,11.465651241182332
2023-12-10,6221.97,0.0,0.0,0.0,0.0,0,101.97,0,167287,25568,470.87,2023,4,12,49,84,1,8.73600256373163,0,0.0,0,0.0,0,0.0,0,0.0,6221.97,8.73600256373163,11761.318613281252,3132.8166162109374,342.63076660156247,3430.051708984375,552.35060546875,5274.61,5751.98,8934.2,8839.039999999999,106995.0,159759.0,27347.0,22372.0,5782.61,9817.64,105.3575,2.007499999999993,4.624678652376135,0.0,-0.35460488704253595,0.9350162426854147,-2.4492935982947064e-16,1.0,470.87,6.156703523920661
2023-12-17,6999.31,0.0,0.0,0.0,0.0,0,99.9,0,114569,15866,657.03,2023,4,12,50,91,1,8.853709712771153,0,0.0,0,0.0,0,0.0,0,0.0,6999.31,8.853709712771153,12879.969306640625,1566.4083081054687,171.31538330078124,1715.0258544921876,276.175302734375,6221.97,5274.61,6221.97,8934.2,167287.0,106995.0,25568.0,27347.0,6061.9675,7748.629999999999,103.185,-0.0625,4.604169685654508,0.0,-0.2393156642875578,0.970941817426052,-2.4492935982947064e-16,1.0,657.03,6.489250522991169
2023-12-24,4029.74,3939.57,0.0,0.0,1820.02,0,94.2,0,117837,26265,1308.13,2023,4,12,51,98,1,8.301705260912904,1,8.27908066187904,0,0.0,0,0.0,1,7.507152062643682,5849.76,8.674326846317655,10469.724653320312,4722.774154052735,85.65769165039062,857.5129272460938,1958.1076513671874,6999.31,6221.97,6999.31,6221.97,114569.0,167287.0,15866.0,25568.0,5631.407499999999,7001.31,100.3825,-5.762500000000003,4.545420181582317,0.0,-0.12053668025532363,0.992708874098054,-2.4492935982947064e-16,1.0,1308.13,7.177118073430998
2023-12-31,5920.22,0.0,0.0,3877.99,1383.42,0,93.51,0,139477,28302,398453.53,2023,4,12,52,105,1,8.686297787727343,0,0.0,0,0.0,1,8.263330089452628,1,7.2330365583485445,11181.63,9.322116960546829,11155.082326660156,2361.3870770263675,42.82884582519531,4306.746463623047,2362.4738256835935,4029.74,6999.31,5849.76,6999.31,117837.0,114569.0,26265.0,15866.0,5792.8099999999995,7563.1675,97.39500000000001,-6.452500000000001,4.5380683824473556,0.0,6.432490598706546e-16,1.0,-2.4492935982947064e-16,1.0,398453.53,12.895348667816355
2024-01-07,5178.41,0.0,0.0,2484.28,1814.93,0,92.3,0,79663,35353,289744.61,2024,1,1,1,112,1,8.552446429152576,0,0.0,0,0.0,1,7.818140608239597,1,7.504353012162806,9477.62,9.15679401503253,10755.951163330079,1180.6935385131837,21.414422912597654,4637.653231811524,2996.166912841797,5920.22,4029.74,11181.63,5849.76,139477.0,117837.0,28302.0,26265.0,5531.92,8377.08,94.97749999999999,-7.6625000000000085,4.525044141508807,0.0,0.12053668025532305,0.992708874098054,0.49999999999999994,0.8660254037844387,289744.61,12.576758610094986
2024-01-14,4420.0,0.0,0.0,0.0,0.0,0,98.09,0,88992,23554,612.33,2024,1,1,2,119,1,8.394121193826242,0,0.0,0,0.0,0,0.0,0,0.0,4420.0,8.394121193826242,9797.97558166504,590.3467692565919,10.707211456298827,2318.826615905762,1498.0834564208985,5178.41,5920.22,9477.62,11181.63,79663.0,139477.0,35353.0,28302.0,4887.0925,7732.2525000000005,94.525,-1.8725000000000023,4.585885424576224,0.0,0.23931566428755774,0.970941817426052,0.49999999999999994,0.8660254037844387,612.33,6.418903127137544
2024-01-21,4860.27,0.0,0.0,0.0,0.0,0,98.48,1,116720,34134,684.42,2024,1,1,3,126,1,8.48905499962966,0,0.0,0,0.0,0,0.0,0,0.0,4860.27,8.48905499962966,9759.25779083252,295.17338462829593,5.353605728149414,1159.413307952881,749.0417282104493,4420.0,5178.41,4420.0,9477.62,88992.0,79663.0,23554.0,35353.0,5094.725,7484.88,95.595,-1.4825000000000017,4.589853481876198,0.0,0.3546048870425356,0.9350162426854148,0.49999999999999994,0.8660254037844387,684.42,6.530031789055632
2024-01-28,6596.78,2974.53,2145.4,0.0,2129.47,0,94.23,0,117933,19661,1396.41,2024,1,1,4,133,1,8.794488507795217,1,7.998177453373183,1,7.671547299111414,0,0.0,1,7.66409789163923,10871.65,9.294005740651631,11476.40889541626,3122.116692314148,2148.0768028640746,579.7066539764405,2503.9908641052243,4860.27,4420.0,4860.27,4420.0,116720.0,88992.0,34134.0,23554.0,5263.865,7407.385,95.775,-5.732500000000002,4.545738602218665,0.0,0.4647231720437685,0.8854560256532099,0.49999999999999994,0.8660254037844387,1396.41,7.242375802239875
2024-02-04,6234.01,0.0,0.0,0.0,0.0,0,94.82,0,76309,12750,818.77,2024,1,2,5,140,1,8.737935461962088,0,0.0,0,0.0,0,0.0,0,0.0,6234.01,8.737935461962088,11972.214447708131,1561.058346157074,1074.0384014320373,289.85332698822026,1251.9954320526122,6596.78,4860.27,10871.65,4860.27,117933.0,116720.0,19661.0,34134.0,5527.764999999999,6596.4825,96.405,-5.1425000000000125,4.551980357473973,0.0,0.5680647467311558,0.8229838658936564,0.8660254037844386,0.5000000000000001,818.77,6.70902381310936
2024-02-11,6767.44,0.0,0.0,0.0,0.0,0,92.59,1,134013,30048,1055.24,2024,1,2,6,147,1,8.820025910993213,0,0.0,0,0.0,0,0.0,0,0.0,6767.44,8.820025910993213,12753.547223854064,780.529173078537,537.0192007160186,144.92666349411013,625.9977160263061,6234.01,6596.78,6234.01,10871.65,76309.0,117933.0,12750.0,19661.0,6114.625,7183.3425,95.03,-7.372500000000002,4.528181144459956,0.0,0.6631226582407952,0.7485107481711011,0.8660254037844386,0.5000000000000001,1055.24,6.962470711170946
2024-02-18,6004.65,5268.6,0.0,0.0,0.0,0,93.01,1,106886,17131,1473.77,2024,1,2,7,154,1,8.700455971786944,1,8.569709737326484,0,0.0,0,0.0,0,0.0,6004.65,8.700455971786944,12381.423611927032,5658.864586539269,268.5096003580093,72.46333174705507,312.99885801315304,6767.44,6234.01,6767.44,6234.01,134013.0,76309.0,30048.0,12750.0,6400.719999999999,7469.4375,93.6625,-6.952500000000001,4.532707014254376,0.0,0.7485107481711011,0.6631226582407953,0.8660254037844386,0.5000000000000001,1473.77,7.29625732441184
2024-02-25,5743.19,0.0,0.0,0.0,0.0,0,93.7,0,127170,30941,842.24,2024,1,2,8,161,1,8.655944188175424,0,0.0,0,0.0,0,0.0,0,0.0,5743.19,8.655944188175424,11933.901805963516,2829.4322932696346,134.25480017900466,36.23166587352753,156.49942900657652,6004.65,6767.44,6004.65,6767.44,106886.0,134013.0,17131.0,30048.0,6187.3225,6187.322499999999,93.53,-6.262500000000003,4.540098189244376,0.0,0.8229838658936564,0.5680647467311559,0.8660254037844386,0.5000000000000001,842.24,6.737251614992107
2024-03-03,6972.44,0.0,2343.46,0.0,0.0,0,92.1,1,106941,18169,1208.4,2024,1,3,9,168,1,8.849863925760873,0,0.0,1,7.759810377177017,0,0.0,0,0.0,9315.9,9.13958523432424,12939.390902981759,1414.7161466348173,2410.5874000895024,18.115832936763766,78.24971450328826,5743.19,6004.65,5743.19,6004.65,127170.0,106886.0,30941.0,17131.0,6371.929999999999,6957.795,92.85000000000001,-7.862500000000011,4.522874943261261,0.0,0.8854560256532099,0.4647231720437686,1.0,6.123233995736766e-17,1208.4,7.097879647839113
2024-03-10,5025.09,0.0,2818.23,0.0,0.0,0,96.4,0,151267,29164,774.75,2024,1,3,10,175,1,8.522397624827413,0,0.0,1,7.944219077001928,0,0.0,0,0.0,7843.32,8.967544981996616,11494.78545149088,707.3580733174086,4023.5237000447514,9.057916468381883,39.12485725164413,6972.44,5743.19,9315.9,5743.19,106941.0,127170.0,18169.0,30941.0,5936.3425,7226.764999999999,93.80250000000001,-3.5625,4.5685062016165,0.0,0.9350162426854148,0.35460488704253557,1.0,6.123233995736766e-17,774.75,6.65383030332849
2024-03-17,5937.41,0.0,0.0,0.0,0.0,51091,104.92,1,99282,29226,293.52,2024,1,3,11,182,1,8.689196699757193,0,0.0,0,0.0,0,0.0,0,0.0,5937.41,8.689196699757193,11684.80272574544,353.6790366587043,2011.7618500223757,4.528958234190942,19.562428625822065,5025.09,6972.44,7843.32,9315.9,151267.0,106941.0,29164.0,18169.0,5919.5325,7209.955,96.78,4.957499999999996,4.653198154998673,51091.0,0.970941817426052,0.23931566428755804,1.0,6.123233995736766e-17,293.52,5.685346912500516
2024-03-24,6289.45,0.0,0.0,0.0,0.0,52118,104.24,0,97931,26582,307.01,2024,1,3,12,189,1,8.746787889265836,0,0.0,0,0.0,0,0.0,0,0.0,6289.45,8.746787889265836,12131.85136287272,176.83951832935216,1005.8809250111879,2.264479117095471,9.781214312911032,5937.41,5025.09,5937.41,7843.32,99282.0,151267.0,29226.0,29164.0,6056.0975,7346.5199999999995,99.41499999999999,4.277499999999989,4.6466959328165895,1027.0,0.992708874098054,0.120536680255323,1.0,6.123233995736766e-17,307.01,5.730132249978983
2024-03-31,3109.85,0.0,2921.32,3068.89,0.0,53027,102.88,0,71591,22152,113737.54,2024,1,3,13,196,1,8.042651279727494,0,0.0,1,7.980133100345906,1,8.029397009320418,0,0.0,9100.06,9.116146169237746,9175.77568143636,88.41975916467608,3424.260462505594,3070.0222395585474,4.890607156455516,6289.45,5937.41,6289.45,5937.41,97931.0,99282.0,26582.0,29226.0,5090.45,7292.56,102.11,2.9174999999999898,4.633563260489309,909.0,1.0,-1.6081226496766366e-16,1.0,6.123233995736766e-17,113737.54,11.641657584485104
2024-04-07,5721.56,0.0,3273.66,0.0,0.0,54348,104.49,1,119607,15274,350.72,2024,2,4,14,203,1,8.652171536699672,0,0.0,1,8.093969325886123,0,0.0,0,0.0,8995.220000000001,9.104559768093653,10309.447840718181,44.20987958233804,4985.790231252797,1535.0111197792737,2.445303578227758,3109.85,6289.45,9100.06,6289.45,71591.0,97931.0,22152.0,26582.0,5264.567499999999,7580.535,104.1325,4.527499999999989,4.649091373046019,1321.0,0.992708874098054,-0.12053668025532288,0.8660254037844387,-0.4999999999999998,350.72,5.862835404510801
2024-04-14,3694.1,0.0,2990.84,0.0,0.0,56056,110.0,0,139067,27741,1.0,2024,2,4,15,210,1,8.214762896615548,0,0.0,1,8.00364386172865,0,0.0,0,0.0,6684.9400000000005,8.807762092964307,8848.823920359091,22.10493979116902,5483.7351156263985,767.5055598896369,1.222651789113879,5721.56,3109.85,8995.220000000001,9100.06,119607.0,71591.0,15274.0,22152.0,4703.74,7767.417500000001,105.4025,10.037499999999994,4.700480365792417,1708.0,0.9709418174260521,-0.2393156642875575,0.8660254037844387,-0.4999999999999998,,
2024-04-21,4994.79,3535.85,1500.95,0.0,0.0,57379,102.68,0,157673,21461,502.95,2024,2,4,16,217,1,8.516350836735128,1,8.170991779485167,1,7.314519542821921,0,0.0,0,0.0,6495.74,8.779055791609707,9419.201960179545,3546.9024698955845,4242.8175578131995,383.7527799448184,0.6113258945569395,3694.1,5721.56,6684.9400000000005,8995.220000000001,139067.0,119607.0,27741.0,15274.0,4380.075,7818.990000000001,105.0125,2.717500000000001,4.6316173560029394,1323.0,0.9350162426854148,-0.35460488704253545,0.8660254037844387,-0.4999999999999998,502.95,6.222477056800887
2024-04-28,3802.05,0.0,0.0,0.0,1486.0,59281,104.74,1,119262,22880,256.55,2024,2,4,17,224,1,8.243558655356951,0,0.0,0,0.0,0,0.0,1,7.304515946460155,5288.05,8.573393924604202,8511.650980089773,1773.4512349477923,2121.4087789065998,191.8763899724092,1486.3056629472785,4994.79,3694.1,6495.74,6684.9400000000005,157673.0,139067.0,21461.0,27741.0,4553.125,6865.9875,105.47749999999999,4.777499999999989,4.651481088851342,1902.0,0.8854560256532099,-0.4647231720437685,0.8660254037844387,-0.4999999999999998,256.55,5.5512138760115946
2024-05-05,5752.71,0.0,0.0,1926.91,1910.8,60655,106.3,0,132176,29946,32637.33,2024,2,5,18,231,1,8.657600143119453,0,0.0,0,0.0,1,7.564191793582998,1,7.555800485629662,9590.42,9.168624227823264,10008.535490044887,886.7256174738961,1060.7043894532999,2022.8481949862046,2653.952831473639,3802.05,4994.79,5288.05,6495.74,119262.0,157673.0,22880.0,21461.0,4560.9125,7014.7875,105.92999999999999,6.3374999999999915,4.666265285347902,1374.0,0.8229838658936565,-0.5680647467311557,0.49999999999999994,-0.8660254037844387,32637.33,10.393242643553425
2024-05-12,8355.01,0.0,2793.85,2892.2,0.0,62251,110.29,0,98789,10460,1.0,2024,2,5,19,238,1,9.030736319420594,0,0.0,1,7.93553371688609,1,7.9701184349751255,0,0.0,14041.060000000001,9.549812390463664,13359.277745022444,443.36280873694807,3324.20219472665,3903.624097493102,1326.9764157368195,5752.71,3802.05,9590.42,5288.05,132176.0,119262.0,29946.0,22880.0,5726.139999999999,8853.817500000001,106.0025,10.3275,4.703113260318055,1596.0,0.7485107481711013,-0.663122658240795,0.49999999999999994,-0.8660254037844387,,
2024-05-19,3710.61,3208.48,2908.49,0.0,0.0,64231,108.75,1,137095,21565,64.5,2024,2,5,20,245,1,8.219221023731242,1,8.073864209232184,1,7.975733087074149,0,0.0,0,0.0,6619.1,8.797865754557145,10390.248872511222,3430.161404368474,4570.5910973633245,1951.812048746551,663.4882078684097,8355.01,5752.71,14041.060000000001,9590.42,98789.0,132176.0,10460.0,29946.0,5405.094999999999,8884.657500000001,107.52,8.787499999999994,4.689051669968793,1980.0,0.6631226582407952,-0.7485107481711012,0.49999999999999994,-0.8660254037844387,64.5,4.182050142641207
2024-05-26,6931.59,3689.53,3253.99,0.0,1054.69,64647,105.39,0,137539,28205,348.61,2024,2,5,21,252,1,8.84398875973527,1,8.21352535815688,1,8.08794448244133,0,0.0,1,6.961949860562797,11240.27,9.327347106388713,12126.71443625561,5404.610702184237,5539.2855486816625,975.9060243732755,1386.4341039342048,3710.61,8355.01,6619.1,14041.060000000001,137095.0,98789.0,21565.0,10460.0,6187.48,10372.712500000001,107.6825,5.427499999999995,4.657667754945845,416.0,0.5680647467311558,-0.8229838658936564,0.49999999999999994,-0.8660254037844387,348.61,5.856818247491284
2024-06-02,4066.29,3462.79,0.0,0.0,2115.18,65355,107.06,1,126079,27892,182.06,2024,2,6,22,259,1,8.310732208995784,1,8.150118644288062,0,0.0,0,0.0,1,7.65736785552284,6181.469999999999,8.729473146977814,10129.647218127804,6165.095351092119,2769.6427743408312,487.95301218663775,2808.397051967102,6931.59,3710.61,11240.27,6619.1,137539.0,137095.0,28205.0,21565.0,5765.875,9520.475,107.8725,7.097499999999997,4.673389424965236,708.0,0.46472317204376906,-0.8854560256532096,1.2246467991473532e-16,-1.0,182.06,5.2098139679566335
2024-06-09,4697.5,4255.83,0.0,2568.43,1375.24,66171,103.89,0,93974,14775,75722.73,2024,2,6,23,266,1,8.45499858782312,1,8.356280030804779,0,0.0,1,7.851439363406984,1,7.227110421888784,8641.17,9.064408987670767,9762.323609063902,7338.377675546059,1384.8213871704156,2812.4065060933185,2779.438525983551,4066.29,6931.59,6181.469999999999,11240.27,126079.0,137539.0,27892.0,28205.0,4851.4975,8170.5025000000005,106.27250000000001,3.927499999999995,4.64333264708244,816.0,0.35460488704253584,-0.9350162426854147,1.2246467991473532e-16,-1.0,75722.73,11.23484686454318
2024-06-16,5011.96,2926.56,0.0,0.0,1494.3,66951,96.05,0,91699,31153,862.45,2024,2,6,24,273,1,8.51978183797773,1,7.981924590565006,0,0.0,0,0.0,1,7.310082134589798,6506.26,8.780673755666143,9893.121804531951,6595.74883777303,692.4106935852078,1406.2032530466593,2884.0192629917756,4697.5,4066.29,8641.17,6181.469999999999,93974.0,126079.0,14775.0,27892.0,5176.835,8142.2925000000005,103.0975,-3.9125000000000085,4.564868889214566,780.0,0.23931566428755768,-0.970941817426052,1.2246467991473532e-16,-1.0,862.45,6.760935992030679
2024-06-23,4784.67,3077.61,3631.55,0.0,2417.87,68943,93.48,0,139939,23689,1252.73,2024,2,6,25,280,1,8.473381314983685,1,8.032233475400414,1,8.19769015997462,0,0.0,1,7.791055767950538,10834.09,9.29054522035036,9731.230902265976,6375.484418886515,3977.755346792604,703.1016265233296,3859.8796314958877,5011.96,4697.5,6506.26,8641.17,91699.0,93974.0,31153.0,14775.0,4640.105,8040.7475,100.12,-6.482500000000002,4.537747509670657,1992.0,0.12053668025532308,-0.992708874098054,1.2246467991473532e-16,-1.0,1252.73,7.133878387005339
2024-06-30,5112.11,0.0,1914.11,3398.0,2204.17,70153,90.7,0,75288,39436,326672.66,2024,2,6,26,287,1,8.539563108636964,0,0.0,1,7.557530341218325,1,8.131236549696116,1,7.698559882414755,12628.39,9.443781916474286,9977.725451132988,3187.7422094432577,3902.987673396302,3749.5508132616646,4134.109815747944,4784.67,5011.96,10834.09,6506.26,139939.0,91699.0,23689.0,31153.0,4901.5599999999995,9652.4775,96.03,-9.262500000000003,4.507557357121091,1210.0,-3.216245299353273e-16,-1.0,1.2246467991473532e-16,-1.0,326672.66,12.696716969912758
2024-07-07,4793.33,0.0,1835.19,0.0,2928.65,71763,92.52,0,158042,30264,993.68,2024,3,7,27,294,1,8.475189248670294,0,0.0,1,7.515448051664926,0,0.0,1,7.98263824095101,9557.17,9.165151565127662,9782.192725566494,1593.8711047216289,3786.683836698151,1874.7754066308323,4995.704907873972,5112.11,4784.67,12628.39,10834.09,75288.0,139939.0,39436.0,23689.0,4925.5175,9881.4775,93.1875,-7.44250000000001,4.527424837363238,1610.0,-0.12053668025532283,-0.992708874098054,-0.4999999999999997,-0.8660254037844388,993.68,6.902421077391435
2024-07-14,6066.51,5272.92,4143.25,0.0,1513.23,73053,89.78,0,80611,31503,1771.25,2024,3,7,28,301,1,8.710703585724655,1,8.570529198045815,1,8.329477110304975,0,0.0,1,7.3226623379151565,11722.99,9.369392448879209,10957.606362783248,6069.855552360815,6036.591918349075,937.3877033154162,4011.082453936986,4793.33,5112.11,9557.17,12628.39,158042.0,75288.0,30264.0,39436.0,5189.155,11185.66,91.62,-10.182500000000005,4.497362233353786,1290.0,-0.23931566428755743,-0.9709418174260521,-0.4999999999999997,-0.8660254037844388,1771.25,7.480005204735127
2024-07-21,6406.55,4012.27,3145.03,0.0,0.0,74272,94.75,0,137600,29393,1215.52,2024,3,7,29,308,1,8.765232261563224,1,8.297361649339289,1,8.053896619491383,0,0.0,0,0.0,9551.58,9.16456655405699,11885.353181391623,7047.197776180407,6163.325959174537,468.6938516577081,2005.541226968493,6066.51,4793.33,11722.99,9557.17,80611.0,158042.0,31503.0,30264.0,5594.625,10865.032500000001,91.9375,-5.212500000000006,4.5512418439625355,1219.0,-0.3546048870425356,-0.9350162426854148,-0.4999999999999997,-0.8660254037844388,1215.52,7.103749602696735
2024-07-28,4952.91,0.0,0.0,0.0,0.0,74518,95.53,0,68655,12575,599.43,2024,3,7,30,315,1,8.507932442746613,0,0.0,0,0.0,0,0.0,0,0.0,4952.91,8.507932442746613,10895.586590695812,3523.5988880902037,3081.6629795872686,234.34692582885404,1002.7706134842465,6406.55,6066.51,9551.58,11722.99,137600.0,80611.0,29393.0,31503.0,5554.825,8946.1625,93.14500000000001,-4.4325000000000045,4.559440334281917,246.0,-0.46472317204376806,-0.8854560256532101,-0.4999999999999997,-0.8660254037844388,599.43,6.397646065199887
2024-08-04,4246.77,0.0,0.0,0.0,2043.29,75282,99.08,0,127725,27243,502.81,2024,3,8,31,322,1,8.354149418329806,0,0.0,0,0.0,0,0.0,1,7.622805819929044,6290.06,8.746884856958978,9694.563295347907,1761.7994440451018,1540.8314897936343,117.17346291442702,2544.675306742123,4952.91,6406.55,4952.91,9551.58,68655.0,137600.0,12575.0,29393.0,5418.185,8129.385,94.78500000000001,-0.8825000000000074,4.595927604621159,764.0,-0.5680647467311556,-0.8229838658936566,-0.8660254037844385,-0.5000000000000004,502.81,6.222199212868005
2024-08-11,4981.11,0.0,2665.89,0.0,1274.08,76091,93.73,0,148919,25488,902.76,2024,3,8,32,329,1,8.513608775064528,0,0.0,1,7.888668278487028,0,0.0,1,7.150764200722175,8921.08,9.096284382247427,9828.391647673954,880.8997220225509,3436.305744896817,58.58673145721351,2546.4176533710615,4246.77,4952.91,6290.06,4952.91,127725.0,68655.0,27243.0,12575.0,5146.835,7428.9075,95.77250000000001,-6.232500000000002,4.540418308758395,809.0,-0.663122658240795,-0.7485107481711013,-0.8660254037844385,-0.5000000000000004,902.76,6.806563838418674
2024-08-18,5324.32,0.0,0.0,0.0,0.0,76513,91.9,1,143946,11554,911.52,2024,3,8,33,336,1,8.580228082668773,0,0.0,0,0.0,0,0.0,0,0.0,5324.32,8.580228082668773,10238.515823836977,440.44986101127546,1718.1528724484085,29.293365728606755,1273.2088266855308,4981.11,4246.77,8921.08,6290.06,148919.0,127725.0,25488.0,27243.0,4876.2775,6372.092500000001,95.06,-8.0625,4.520701029361642,422.0,-0.7485107481711011,-0.6631226582407952,-0.8660254037844385,-0.5000000000000004,911.52,6.816210003024674
2024-08-25,5664.25,4375.04,0.0,2069.35,0.0,78702,91.06,0,165567,19043,213794.16,2024,3,8,34,343,1,8.642106303115034,1,8.383899484827865,0,0.0,1,7.635472954092247,0,0.0,7733.6,8.953459048677114,10783.507911918488,4595.2649305056375,859.0764362242043,2083.9966828643032,636.6044133427654,5324.32,4981.11,5324.32,8921.08,143946.0,148919.0,11554.0,25488.0,5054.1125,7067.264999999999,93.94250000000001,-8.902500000000003,4.511518629906636,2189.0,-0.8229838658936564,-0.5680647467311559,-0.8660254037844385,-0.5000000000000004,213794.16,12.27277363933742
2024-09-01,2456.94,2946.06,0.0,0.0,0.0,79696,94.18,0,166198,21775,876.53,2024,3,9,35,350,1,7.807078879738546,1,7.988563342218257,0,0.0,0,0.0,0,0.0,2456.94,7.807078879738546,7848.693955959245,5243.692465252819,429.53821811210213,1041.9983414321516,318.3022066713827,5664.25,5324.32,7733.6,5324.32,165567.0,143946.0,19043.0,11554.0,4606.655,6108.985000000001,92.7175,-5.782499999999999,4.545207844815408,994.0,-0.8854560256532096,-0.4647231720437691,-1.0,-1.8369701987210297e-16,876.53,6.777111142789812
2024-09-08,4107.07,0.0,0.0,0.0,0.0,80425,96.0,0,111207,20830,620.5,2024,3,9,36,357,1,8.320708610825374,0,0.0,0,0.0,0,0.0,0,0.0,4107.07,8.320708610825374,8031.416977979622,2621.8462326264093,214.76910905605106,520.9991707160758,159.15110333569135,2456.94,5664.25,2456.94,7733.6,166198.0,165567.0,21775.0,19043.0,4388.1449999999995,4905.4825,93.285,-3.9625000000000057,4.564348191467836,729.0,-0.9350162426854147,-0.3546048870425359,-1.0,-1.8369701987210297e-16,620.5,6.432135910950766
2024-09-15,6322.34,0.0,0.0,0.0,0.0,81794,104.01,0,81657,18593,327.42,2024,3,9,37,364,1,8.752002828556652,0,0.0,0,0.0,0,0.0,0,0.0,6322.34,8.752002828556652,10338.04848898981,1310.9231163132047,107.38455452802553,260.4995853580379,79.57555166784567,4107.07,2456.94,4107.07,2456.94,111207.0,166198.0,20830.0,21775.0,4637.65,5154.9875,96.3125,4.047499999999999,4.644487048365042,1369.0,-0.970941817426052,-0.23931566428755774,-1.0,-1.8369701987210297e-16,327.42,5.794293277063692
2024-09-22,5500.94,3734.7,0.0,0.0,0.0,83014,108.16,0,113389,21114,123.65,2024,3,9,38,371,1,8.61285603629965,1,8.225690496338666,0,0.0,0,0.0,0,0.0,5500.94,8.61285603629965,10669.964244494906,4390.161558156602,53.692277264012766,130.24979267901895,39.78777583392284,6322.34,4107.07,6322.34,4107.07,81657.0,111207.0,18593.0,20830.0,4596.822499999999,4596.8225,100.5875,8.197499999999991,4.683611612294654,1220.0,-0.992708874098054,-0.12053668025532357,-1.0,-1.8369701987210297e-16,123.65,4.825509809969567
2024-09-29,4535.22,0.0,0.0,0.0,0.0,83837,107.96,0,80931,15983,94.09,2024,3,9,39,378,1,8.419849345113292,0,0.0,0,0.0,0,0.0,0,0.0,4535.22,8.419849345113292,9870.202122247454,2195.080779078301,26.846138632006383,65.12489633950948,19.89388791696142,5500.94,6322.34,5500.94,6322.34,113389.0,81657.0,21114.0,18593.0,5116.3925,5116.3925,104.0325,7.997499999999988,4.681760788149804,823.0,-1.0,-1.8369701987210297e-16,-1.0,-1.8369701987210297e-16,94.09,4.554823811551353
2024-10-06,7148.24,0.0,3252.96,1224.13,0.0,84844,106.78,0,129473,37223,24518.03,2024,4,10,40,385,1,8.874761336332183,0,0.0,1,8.08762799514043,1,7.110802239797218,0,0.0,11625.330000000002,9.361027632513542,12083.341061123727,1097.5403895391505,3266.383069316003,1256.692448169755,9.94694395848071,4535.22,5500.94,4535.22,5500.94,80931.0,113389.0,15983.0,21114.0,5876.6849999999995,6995.9575,106.72749999999999,6.8174999999999955,4.67077064307204,1007.0,-0.992708874098054,0.1205366802553232,-0.8660254037844386,0.5000000000000001,24518.03,10.107204829724418
2024-10-13,5951.02,0.0,2464.89,2440.32,0.0,86487,113.38,0,90505,19164,1.0,2024,4,10,41,392,1,8.691485936722335,0,0.0,1,7.810308076078937,1,7.800294155614927,0,0.0,10856.23,9.292586496496734,11992.690530561864,548.7701947695753,4098.081534658001,3068.6662240848777,4.973471979240355,7148.24,4535.22,11625.330000000002,4535.22,129473.0,80931.0,37223.0,15983.0,5783.855,8129.43,109.07,13.41749999999999,4.730745008896157,1643.0,-0.9709418174260521,0.23931566428755738,-0.8660254037844386,0.5000000000000001,,
2024-10-20,5297.24,0.0,0.0,0.0,0.0,87926,107.71,1,102844,19519,126.03,2024,4,10,42,399,1,8.575129968919246,0,0.0,0,0.0,0,0.0,0,0.0,5297.24,8.575129968919246,11293.585265280932,274.3850973847876,2049.0407673290006,1534.3331120424389,2.4867359896201773,5951.02,7148.24,10856.23,11625.330000000002,90505.0,129473.0,19164.0,37223.0,5732.93,8078.505000000001,108.9575,7.747499999999988,4.679442430362679,1439.0,-0.9350162426854148,0.35460488704253557,-0.8660254037844386,0.5000000000000001,126.03,4.844423279035369
2024-10-27,5812.41,3917.62,0.0,0.0,2702.75,89172,101.56,1,92346,22285,808.08,2024,4,10,43,406,1,8.667922596781294,1,8.273494829987266,0,0.0,0,0.0,1,7.902394977267268,8515.16,9.049720814000331,11459.202632640467,4054.8125486923936,1024.5203836645003,767.1665560212194,2703.99336799481,5297.24,5951.02,5297.24,10856.23,102844.0,90505.0,19519.0,19164.0,6052.2275,9073.49,107.3575,1.5974999999999966,4.620649756836477,1246.0,-0.8854560256532101,0.464723172043768,-0.8660254037844386,0.5000000000000001,808.08,6.695897799684895
2024-11-03,4764.29,2223.0,2346.82,2374.89,3126.04,90504,102.39,0,112634,21214,107474.69,2024,4,11,44,413,1,8.469113674677095,1,7.707062655370473,1,7.761242517021309,1,7.773127383114533,1,8.047842149189266,12612.04,9.44248647841333,10493.891316320234,4250.406274346196,2859.0801918322504,2758.4732780106096,4478.036683997405,5812.41,5297.24,8515.16,5297.24,92346.0,102844.0,22285.0,19519.0,5456.24,9320.1675,106.25999999999999,2.427499999999995,4.628789051586725,1332.0,-0.822983865893657,0.5680647467311548,-0.5000000000000004,0.8660254037844384,107474.69,11.58501996144157
2024-11-10,4662.24,5190.25,3315.6,2706.8,1873.13,91772,110.02,0,119358,12046,1.0,2024,4,11,45,420,1,8.447465764495202,1,8.554729794944963,1,8.106695440779998,1,7.903891776061011,1,7.5358998307232,12557.77,9.438174505290435,9909.185658160117,7315.453137173098,4745.140095916126,4086.036639005305,4112.148341998703,4764.29,5812.41,12612.04,8515.16,112634.0,92346.0,21214.0,22285.0,5134.045,9745.5525,105.41999999999999,10.05749999999999,4.700662167447312,1268.0,-0.7485107481711011,0.6631226582407952,-0.5000000000000004,0.8660254037844384,,
2024-11-17,6276.67,2024.46,3478.41,2262.85,0.0,92112,109.77,0,127014,22717,1.0,2024,4,11,46,427,1,8.744754171509346,1,7.613552114237429,1,8.154618018165065,1,7.724822182711192,0,0.0,12017.93,9.394238185824006,11231.262829080059,5682.186568586549,5850.980047958063,4305.868319502652,2056.0741709993513,4662.24,4764.29,12557.77,12612.04,119358.0,112634.0,12046.0,21214.0,5378.9025,11425.725,105.935,9.80749999999999,4.698387267699225,340.0,-0.6631226582407955,0.7485107481711007,-0.5000000000000004,0.8660254037844384,,
2024-11-24,5860.76,3693.21,0.0,0.0,0.0,93693,104.23,1,158888,11710,481.22,2024,4,11,47,434,1,8.676205178774568,1,8.21452200808758,0,0.0,0,0.0,0,0.0,5860.76,8.676205178774568,11476.39141454003,6534.303284293274,2925.4900239790313,2152.934159751326,1028.0370854996756,6276.67,4662.24,12017.93,12557.77,127014.0,119358.0,22717.0,12046.0,5390.99,10762.125,106.60249999999999,4.267499999999998,4.646599995751231,1581.0,-0.5680647467311559,0.8229838658936564,-0.5000000000000004,0.8660254037844384,481.22,6.178400441452682
2024-12-01,4245.34,0.0,0.0,0.0,0.0,94666,106.36,0,125437,23866,178.43,2024,4,12,48,441,1,8.35381271442239,0,0.0,0,0.0,0,0.0,0,0.0,4245.34,8.35381271442239,9983.535707270015,3267.151642146637,1462.7450119895157,1076.467079875663,514.0185427498378,5860.76,6276.67,5860.76,12017.93,158888.0,127014.0,11710.0,22717.0,5261.2525,8670.45,107.595,6.397499999999994,4.666829566374819,973.0,-0.4647231720437684,0.88545602565321,-2.4492935982947064e-16,1.0,178.43,5.189785159724575
2024-12-08,5236.06,0.0,0.0,0.0,2064.98,95958,102.43,0,124058,20684,476.18,2024,4,12,49,448,1,8.563515551154854,0,0.0,0,0.0,0,0.0,1,7.633359969090617,7301.040000000001,8.895909040151825,10227.827853635008,1633.5758210733186,731.3725059947578,538.2335399378316,2321.989271374919,4245.34,5860.76,4245.34,5860.76,125437.0,158888.0,23866.0,11710.0,5404.7075,7356.267500000001,105.6975,2.467500000000001,4.629179638448443,1292.0,-0.35460488704253595,0.9350162426854147,-2.4492935982947064e-16,1.0,476.18,6.167893778197099
2024-12-15,4542.06,0.0,0.0,2894.13,0.0,97010,101.78,0,127455,28106,158067.38,2024,4,12,50,455,1,8.421356072804041,0,0.0,0,0.0,1,7.970785294007531,0,0.0,7436.1900000000005,8.914248368312952,9655.973926817504,816.7879105366593,365.6862529973789,3163.246769968916,1160.9946356874595,5236.06,4245.34,7301.040000000001,4245.34,124058.0,125437.0,20684.0,23866.0,4971.055,6210.8325,103.69999999999999,1.8174999999999955,4.622813621160686,1052.0,-0.2393156642875578,0.970941817426052,-2.4492935982947064e-16,1.0,158067.38,11.970783003194896
2024-12-22,7319.16,0.0,0.0,2659.91,0.0,98353,95.53,0,167552,26040,253400.85,2024,4,12,51,462,1,8.898387464639974,0,0.0,0,0.0,1,7.88642344853424,0,0.0,9979.07,9.208345383308968,12147.146963408752,408.39395526832965,182.84312649868946,4241.533384984457,580.4973178437298,4542.06,5236.06,7436.1900000000005,7301.040000000001,127455.0,124058.0,28106.0,20684.0,5335.655000000001,7240.41,101.525,-4.4325000000000045,4.559440334281917,1343.0,-0.12053668025532363,0.992708874098054,-2.4492935982947064e-16,1.0,253400.85,12.442731847552865
2024-12-29,5635.73,4319.58,0.0,1994.75,0.0,98911,91.58,0,165944,33429,266526.91,2024,4,12,52,469,1,8.63705938911645,1,8.371144931485448,0,0.0,1,7.598775198525908,0,0.0,7630.48,8.940037076634976,11709.303481704375,4523.776977634165,91.42156324934473,4115.516692492229,290.2486589218649,7319.16,4542.06,9979.07,7436.1900000000005,167552.0,127455.0,26040.0,28106.0,5683.2525000000005,8086.695,97.83,-8.382500000000007,4.5172129072289495,558.0,6.432490598706546e-16,1.0,-2.4492935982947064e-16,1.0,266526.91,12.49323424505942
2025-01-05,3471.18,2162.88,1078.61,3331.39,0.0,100469,98.46,0,115084,19813,263353.12,2025,1,1,1,476,1,8.152537917754394,1,7.67965818556374,1,6.984355143790836,1,8.111445043256015,0,0.0,7881.18,8.972359794337633,9325.831740852187,4424.7684888170825,1124.3207816246722,5389.148346246115,145.12432946093244,5635.73,7319.16,7630.48,9979.07,165944.0,167552.0,33429.0,26040.0,5242.0325,8231.73,96.8375,-1.502500000000012,4.589650374330055,1558.0,0.12053668025532305,0.992708874098054,0.49999999999999994,0.8660254037844387,263353.12,12.481254869368618
2025-01-12,6040.9,0.0,2770.0,1916.33,2352.53,101969,96.19,0,127673,21370,178153.19,2025,1,1,2,483,1,8.706473810998661,0,0.0,1,7.9269635448629785,1,7.558688872205532,1,7.763671607732549,13079.76,9.478897727298754,10703.815870426093,2212.3842444085412,3332.160390812336,4610.904173123057,2425.0921647304663,3471.18,5635.73,7881.18,7630.48,115084.0,165944.0,19813.0,33429.0,5616.742499999999,9642.6225,95.44,-3.772500000000008,4.566325402164524,1500.0,0.23931566428755774,0.970941817426052,0.49999999999999994,0.8660254037844387,178153.19,12.090404690263437
2025-01-19,5679.41,0.0,0.0,2390.24,1704.82,102577,87.56,0,116471,38548,355338.0,2025,1,1,3,490,1,8.644778692208714,0,0.0,0,0.0,1,7.779567338832493,1,7.441801212520226,9774.47,9.187631465539104,11031.317935213046,1106.1921222042706,1666.080195406168,4695.692086561528,2917.366082365233,6040.9,3471.18,13079.76,7881.18,127673.0,115084.0,21370.0,19813.0,5206.804999999999,9591.4725,93.44749999999999,-12.402500000000003,4.472324272654662,608.0,0.3546048870425356,0.9350162426854148,0.49999999999999994,0.8660254037844387,355338.0,12.780827542379825
2025-01-26,5700.38,3906.93,0.0,3168.8,1835.63,103934,95.24,0,125677,40153,297758.38,2025,1,1,4,497,1,8.648463529783049,1,8.270763101026818,0,0.0,1,8.061423773398324,1,7.515687649577214,10704.810000000001,9.278541863738122,11216.038967606524,4460.026061102135,833.040097703084,5516.646043280764,3294.313041182617,5679.41,6040.9,9774.47,13079.76,116471.0,127673.0,38548.0,21370.0,5222.9675,10360.055,94.3625,-4.722500000000011,4.556400021618662,1357.0,0.4647231720437685,0.8854560256532099,0.49999999999999994,0.8660254037844387,297758.38,12.604040989660046
2025-02-02,4349.81,3370.31,0.0,1930.07,1405.61,104975,95.53,0,123310,26906,174716.35,2025,1,2,5,504,1,8.37811731364493,1,8.123056671848401,0,0.0,1,7.5658295324188085,1,7.248937833190322,7685.49,8.947219521369567,9957.829483803263,5600.323030551068,416.520048851542,4688.393021640382,3052.766520591308,5700.38,5679.41,10704.810000000001,9774.47,125677.0,116471.0,40153.0,38548.0,5442.625,10311.1325,93.63000000000001,-4.4325000000000045,4.559440334281917,1041.0,0.5680647467311558,0.8229838658936564,0.8660254037844386,0.5000000000000001,174716.35,12.070924804299112
2025-02-09,6043.08,0.0,3003.27,3120.88,2044.07,106123,96.54,1,145709,24707,280097.57,2025,1,2,6,511,1,8.706834559572405,0,0.0,1,8.007789889004833,1,8.046190663437237,1,7.623187297719926,14211.3,9.561863065840166,11021.994741901632,2800.161515275534,3211.530024425771,5465.076510820191,3570.453260295654,4349.81,5700.38,7685.49,10704.810000000001,123310.0,125677.0,26906.0,40153.0,5443.17,10594.0175,93.7175,-3.4224999999999994,4.569957430232347,1148.0,0.6631226582407952,0.7485107481711011,0.8660254037844386,0.5000000000000001,280097.57,12.54289685591564
2025-02-16,4836.57,0.0,1192.9,0.0,0.0,106902,94.63,0,122854,20772,869.86,2025,1,2,7,518,1,8.484167807517581,0,0.0,1,7.084980538351343,0,0.0,0,0.0,6029.469999999999,8.704580230299042,10347.567370950816,1400.080757637767,2798.665012212886,2732.5382554100956,1785.226630147827,6043.08,4349.81,14211.3,7685.49,145709.0,123310.0,24707.0,26906.0,5232.46,9657.7675,95.48499999999999,-5.33250000000001,4.549974550520141,779.0,0.7485107481711011,0.6631226582407953,0.8660254037844386,0.5000000000000001,869.86,6.769481229145682
2025-02-23,4090.85,2365.79,2467.43,0.0,0.0,108083,93.41,1,172392,18398,1282.31,2025,1,2,8,525,1,8.316752469508142,1,7.769289885679535,1,7.811337599994836,0,0.0,0,0.0,6558.28,8.788636119816932,9264.633685475408,3065.830378818883,3866.7625061064427,1366.2691277050478,892.6133150739136,4836.57,6043.08,6029.469999999999,14211.3,122854.0,145709.0,20772.0,24707.0,4830.077499999999,8621.135,95.0275,-6.552500000000009,4.5369984058847574,1181.0,0.8229838658936564,0.5680647467311559,0.8660254037844386,0.5000000000000001,1282.31,7.157197956630247
2025-03-02,4540.23,2454.76,0.0,0.0,1773.56,108863,94.88,0,149540,19145,1060.72,2025,1,3,9,532,1,8.420953179451946,1,7.806191564622429,0,0.0,0,0.0,1,7.4813077838564315,6313.789999999999,8.75064978007489,9172.546842737704,3987.675189409442,1933.3812530532214,683.1345638525239,2219.8666575369566,4090.85,4836.57,6558.28,6029.469999999999,172392.0,122854.0,18398.0,20772.0,4877.6825,8278.21,94.865,-5.08250000000001,4.552612935249416,780.0,0.8854560256532099,0.4647231720437686,1.0,6.123233995736766e-17,1060.72,6.967645513555201
2025-03-09,5313.83,3671.67,0.0,0.0,2071.52,109971,92.19,0,116986,19400,1451.84,2025,1,3,10,539,1,8.578256305316259,1,8.208674196969877,0,0.0,0,0.0,1,7.636520537143828,7385.35,8.907388981238062,9900.10342136885,5665.507594704721,966.6906265266107,341.56728192626196,3181.453328768478,4540.23,4090.85,6313.789999999999,6558.28,149540.0,172392.0,19145.0,18398.0,4695.37,6571.7225,93.77749999999999,-7.772500000000008,4.523851664810503,1108.0,0.9350162426854148,0.35460488704253557,1.0,6.123233995736766e-17,1451.84,7.281275540507649
2025-03-16,3373.65,2165.64,0.0,0.0,0.0,111212,94.71,0,103014,21349,906.13,2025,1,3,11,546,1,8.124046894225325,1,7.680932859447571,0,0.0,0,0.0,0,0.0,3373.65,8.124046894225325,8323.701710684425,4998.393797352361,483.34531326330534,170.78364096313098,1590.726664384239,5313.83,4540.23,7385.35,6313.789999999999,116986.0,149540.0,19400.0,19145.0,4329.64,5907.767499999999,93.7975,-5.252500000000012,4.55081959123801,1241.0,0.970941817426052,0.23931566428755804,1.0,6.123233995736766e-17,906.13,6.810285769502636
2025-03-23,5962.69,4165.27,0.0,0.0,0.0,112542,96.3,0,135773,21937,1117.7,2025,1,3,12,553,1,8.693444695995804,1,8.334776430090475,0,0.0,0,0.0,0,0.0,5962.69,8.693444695995804,10124.540855342213,6664.466898676181,241.67265663165267,85.39182048156549,795.3633321921195,3373.65,5313.83,3373.65,7385.35,103014.0,116986.0,21349.0,19400.0,4797.6,5758.869999999999,94.52,-3.6625000000000085,4.56746831880408,1330.0,0.992708874098054,0.120536680255323,1.0,6.123233995736766e-17,1117.7,7.019922575852885
2025-03-30,4441.21,3359.31,0.0,0.0,0.0,113634,101.94,0,185460,22547,563.26,2025,1,3,13,560,1,8.3989072793387,1,8.119788510606144,0,0.0,0,0.0,0,0.0,4441.21,8.3989072793387,9503.480427671107,6691.543449338091,120.83632831582634,42.695910240782744,397.68166609605976,5962.69,3373.65,5962.69,3373.65,135773.0,103014.0,21937.0,21349.0,4772.845,5290.725,96.285,1.977499999999992,4.624384404911896,1092.0,1.0,-1.6081226496766366e-16,1.0,6.123233995736766e-17,563.26,6.335515138181274
2025-04-06,6597.3,3633.62,0.0,1488.77,1316.82,114403,104.72,0,108308,29011,45758.31,2025,2,4,14,567,1,8.794567319078608,1,8.198259845300816,0,0.0,1,7.3063770246082935,1,7.1837341351743875,9402.89,9.148878712441398,11349.040213835553,6979.391724669045,60.41816415791317,1510.1179551203913,1515.6608330480299,4441.21,5962.69,4441.21,5962.69,185460.0,135773.0,22547.0,21937.0,5093.7125,5795.11,99.41749999999999,4.757499999999993,4.651290121601645,769.0,0.992708874098054,-0.12053668025532288,0.8660254037844387,-0.4999999999999998,45758.31,10.731150547268667
2025-04-13,4732.49,0.0,0.0,0.0,0.0,115394,106.76,0,135364,19656,152.59,2025,2,4,15,574,1,8.462418052965045,0,0.0,0,0.0,0,0.0,0,0.0,4732.49,8.462418052965045,10407.010106917776,3489.6958623345226,30.209082078956584,755.0589775601957,757.8304165240149,6597.3,4441.21,9402.89,4441.21,108308.0,185460.0,29011.0,22547.0,5433.4225,6134.82,102.43,6.797499999999999,4.670583324536324,991.0,0.9709418174260521,-0.2393156642875575,0.8660254037844387,-0.4999999999999998,152.59,5.0342867144275365
2025-04-20,4132.63,0.0,2829.92,0.0,0.0,116462,110.42,0,161475,15104,1.0,2025,2,4,16,581,1,8.326911234542923,0,0.0,1,7.948357026146741,0,0.0,0,0.0,6962.55,8.848444680764633,9336.13505345889,1744.8479311672613,2845.024541039478,377.52948878009784,378.91520826200747,4732.49,6597.3,4732.49,9402.89,135364.0,108308.0,19656.0,29011.0,4975.9075,6384.785,105.96000000000001,10.457499999999996,4.704291276855899,1068.0,0.9350162426854148,-0.35460488704253545,0.8660254037844387,-0.4999999999999998,,
2025-04-27,4528.9,0.0,2690.51,0.0,0.0,116809,105.34,1,140683,27813,274.38,2025,2,4,17,588,1,8.418455143178234,0,0.0,1,7.8978576533944445,0,0.0,0,0.0,7219.41,8.884667016978169,9196.967526729444,872.4239655836307,4113.022270519739,188.76474439004892,189.45760413100373,4132.63,4732.49,6962.55,4732.49,161475.0,135364.0,15104.0,19656.0,4997.83,7079.335,106.81,5.377499999999998,4.657193214055243,347.0,0.8854560256532099,-0.4647231720437685,0.8660254037844387,-0.4999999999999998,274.38,5.618151962016226
2025-05-04,6593.29,0.0,3963.99,0.0,1762.02,118823,103.87,1,121797,23216,442.35,2025,2,5,18,595,1,8.793959402039802,0,0.0,1,8.285258611997673,0,0.0,1,7.474783526633014,12319.3,9.41900358744039,11191.773763364723,436.21198279181533,6020.501135259869,94.38237219502446,1856.7488020655019,4528.9,4132.63,7219.41,6962.55,140683.0,161475.0,27813.0,15104.0,4996.827499999999,7808.4375,106.5975,3.907499999999999,4.64314011723972,2014.0,0.8229838658936565,-0.5680647467311557,0.49999999999999994,-0.8660254037844387,442.35,6.094359525826016
2025-05-11,3146.53,3344.41,0.0,3237.09,0.0,120169,104.39,0,119720,27437,97051.69,2025,2,5,19,602,1,8.054373297247185,1,8.115344536052612,0,0.0,1,8.082738928786453,0,0.0,6383.620000000001,8.761647252208503,8742.416881682362,3562.5159913959073,3010.2505676299347,3284.2811860975125,928.3744010327509,6593.29,4528.9,12319.3,7219.41,121797.0,140683.0,23216.0,27813.0,4600.3375,8221.220000000001,106.005,4.427499999999995,4.648133885420207,1346.0,0.7485107481711013,-0.663122658240795,0.49999999999999994,-0.8660254037844387,97051.69,11.483009305884332
2025-05-18,5446.53,3904.12,0.0,2621.63,0.0,121652,106.32,0,109840,16911,45820.0,2025,2,5,20,609,1,8.602917573916965,1,8.270043791635182,0,0.0,1,7.871932910061869,0,0.0,8068.16,8.995804666627006,9817.738440841182,5685.377995697953,1505.1252838149674,4263.770593048756,464.18720051637547,3146.53,6593.29,6383.620000000001,12319.3,119720.0,121797.0,27437.0,23216.0,4928.8125,8497.6225,104.98,6.3574999999999875,4.66645341440499,1483.0,0.6631226582407952,-0.7485107481711012,0.49999999999999994,-0.8660254037844387,45820.0,10.732497780300108
2025-05-25,4837.59,3875.86,2861.06,2757.17,1709.03,123619,111.43,1,79942,14290,1.0,2025,2,5,21,616,1,8.484378634954039,1,8.262780826624299,1,7.9592969242572345,1,7.9223226953223955,1,7.444266193202463,12164.85,9.406388125361934,9746.459220420591,6718.548997848977,3613.6226419074837,4889.055296524379,1941.1236002581877,5446.53,3146.53,8068.16,6383.620000000001,109840.0,119720.0,16911.0,27437.0,5005.985000000001,9733.9825,106.5025,11.467500000000001,4.713396591058963,1967.0,0.5680647467311558,-0.8229838658936564,0.49999999999999994,-0.8660254037844387,,
2025-06-01,5290.32,2766.82,2717.23,2188.0,0.0,124372,108.64,0,123394,17874,13215.02,2025,2,6,22,623,1,8.573823021135766,1,7.925815285721355,1,7.907736212175816,1,7.691200097522863,0,0.0,10195.55,9.229804706763787,10163.549610210295,6126.094498924489,4524.041320953742,4632.527648262189,970.5618001290939,4837.59,5446.53,12164.85,8068.16,79942.0,109840.0,14290.0,16911.0,4680.2425,9203.045,107.695,8.677499999999995,4.688039663810386,753.0,0.46472317204376906,-0.8854560256532096,1.2246467991473532e-16,-1.0,13215.02,9.489185009076806
2025-06-08,5226.27,3039.0,0.0,2892.78,0.0,125905,107.71,0,106746,28110,29931.84,2025,2,6,23,630,1,8.561644432247805,1,8.019612794400267,0,0.0,1,7.970318884951432,0,0.0,8119.050000000001,9.002091590772233,10308.044805105148,6102.0472494622445,2262.020660476871,5209.043824131095,485.2809000645469,5290.32,4837.59,10195.55,12164.85,123394.0,79942.0,17874.0,14290.0,5200.1775,9636.9025,108.525,7.747499999999988,4.679442430362679,1533.0,0.35460488704253584,-0.9350162426854147,1.2246467991473532e-16,-1.0,29931.84,10.306711484417324
2025-06-15,4866.27,3968.14,0.0,771.94,0.0,127799,97.6,0,127152,19070,52896.49,2025,2,6,24,637,1,8.49028848394709,1,8.28630472552958,0,0.0,1,6.650201425911212,0,0.0,5638.210000000001,8.63749926375927,10020.292402552575,7019.163624731122,1131.0103302384355,3376.4619120655475,242.64045003227346,5226.27,5290.32,8119.050000000001,10195.55,106746.0,123394.0,28110.0,17874.0,5055.1125,9029.415,106.345,-2.3625000000000114,4.580877493419047,1894.0,0.23931566428755768,-0.970941817426052,1.2246467991473532e-16,-1.0,52896.49,10.876111168705576
2025-06-22,9325.18,3326.57,0.0,0.0,0.0,129645,98.48,0,127605,22179,887.39,2025,2,6,25,644,1,9.140580778061269,1,8.109997586862422,0,0.0,0,0.0,0,0.0,9325.18,9.140580778061269,14335.326201276288,6836.1518123655605,565.5051651192177,1688.2309560327737,121.32022501613673,4866.27,5226.27,5638.210000000001,8119.050000000001,127152.0,106746.0,19070.0,28110.0,6177.01,8319.497500000001,103.1075,-1.4825000000000017,4.589853481876198,1846.0,0.12053668025532308,-0.992708874098054,1.2246467991473532e-16,-1.0,887.39,6.789410835766016
2025-06-29,6447.29,3879.41,0.0,0.0,2271.72,130690,94.21,1,82587,29898,1348.38,2025,2,6,26,651,1,8.771570258361216,1,8.26369609713772,0,0.0,0,0.0,1,7.728732631046848,8719.01,9.073375663691358,13614.953100638144,7297.48590618278,282.75258255960887,844.1154780163869,2332.380112508068,9325.18,4866.27,9325.18,5638.210000000001,127605.0,127152.0,22179.0,19070.0,6466.2525000000005,7950.362500000001,99.49999999999999,-5.752500000000012,4.545526333060576,1045.0,-3.216245299353273e-16,-1.0,1.2246467991473532e-16,-1.0,1348.38,7.207400506681382
2025-07-06,5511.32,0.0,3049.32,0.0,1536.56,132134,93.59,1,105789,19282,1172.46,2025,3,7,27,658,1,8.614740866160755,0,0.0,1,8.023001782130732,0,0.0,1,7.3379520233094855,10097.199999999999,9.220112469124885,12318.796550319072,3648.74295309139,3190.6962912798044,422.05773900819344,2702.750056254034,6447.29,9325.18,8719.01,9325.18,82587.0,127605.0,29898.0,22179.0,6537.515,8444.9,95.97,-6.372500000000002,4.538923540169165,1444.0,-0.12053668025532283,-0.992708874098054,-0.4999999999999997,-0.8660254037844388,1172.46,7.067711928642815
2025-07-13,4296.42,0.0,0.0,0.0,0.0,132912,93.96,0,136427,21019,744.42,2025,3,7,28,665,1,8.365770121609621,0,0.0,0,0.0,0,0.0,0,0.0,4296.42,8.365770121609621,10455.818275159536,1824.371476545695,1595.3481456399022,211.02886950409672,1351.375028127017,5511.32,6447.29,10097.199999999999,8719.01,105789.0,82587.0,19282.0,29898.0,6395.0525,8109.452499999999,95.06,-6.002500000000012,4.542869159790712,778.0,-0.23931566428755743,-0.9709418174260521,-0.4999999999999997,-0.8660254037844388,744.42,6.613947817916761
2025-07-20,3298.61,0.0,0.0,0.0,0.0,133834,88.72,0,138355,27012,891.25,2025,3,7,29,672,1,8.101559558652369,0,0.0,0,0.0,0,0.0,0,0.0,3298.61,8.101559558652369,8526.519137579768,912.1857382728475,797.6740728199511,105.51443475204836,675.6875140635085,4296.42,5511.32,4296.42,10097.199999999999,136427.0,105789.0,21019.0,19282.0,4888.41,6602.8099999999995,92.62,-11.242500000000007,4.485485343042112,922.0,-0.3546048870425356,-0.9350162426854148,-0.4999999999999997,-0.8660254037844388,891.25,6.793746362370269
2025-07-27,6914.68,3837.16,0.0,0.0,0.0,134719,90.1,0,87947,32300,1488.14,2025,3,7,30,679,1,8.84154657621276,1,8.252748364078073,0,0.0,0,0.0,0,0.0,6914.68,8.84154657621276,11177.939568789883,4293.252869136423,398.83703640997555,52.75721737602418,337.84375703175425,3298.61,4296.42,3298.61,4296.42,138355.0,136427.0,27012.0,21019.0,5005.2575,6151.727499999999,91.5925,-9.862500000000011,4.500920164614292,885.0,-0.46472317204376806,-0.8854560256532101,-0.4999999999999997,-0.8660254037844388,1488.14,7.305954051098256
2025-08-03,6649.67,0.0,0.0,0.0,2308.36,135926,89.79,0,131738,21383,1177.78,2025,3,8,31,686,1,8.80247288045447,0,0.0,0,0.0,0,0.0,1,7.744725708851602,8958.03,9.100417241179985,12238.639784394942,2146.6264345682116,199.41851820498778,26.37860868801209,2477.2818785158775,6914.68,3298.61,6914.68,3298.61,87947.0,138355.0,32300.0,27012.0,5289.844999999999,5866.935,90.6425,-10.1725,4.497473610532717,1207.0,-0.5680647467311556,-0.8229838658936566,-0.8660254037844385,-0.5000000000000004,1177.78,7.072235284313093
2025-08-10,4103.29,0.0,2546.4,0.0,1987.81,137218,93.05,0,132583,26178,950.45,2025,3,8,32,693,1,8.319788047122142,0,0.0,1,7.842828510155659,0,0.0,1,7.595291748901489,8637.5,9.063984235614837,10222.60989219747,1073.3132172841058,2646.109259102494,13.189304344006045,3226.4509392579384,6649.67,6914.68,8958.03,6914.68,131738.0,87947.0,21383.0,32300.0,5241.5625,6952.205,90.41499999999999,-6.9125000000000085,4.5331369830882595,1292.0,-0.663122658240795,-0.7485107481711013,-0.8660254037844385,-0.5000000000000004,950.45,6.857987136748016
2025-08-17,7929.61,0.0,3342.8,2410.68,1432.37,138794,96.91,0,92396,39918,170470.1,2025,3,8,33,700,1,8.978485234747389,0,0.0,1,8.114863163803546,1,7.788078879062219,1,7.267783594081695,15115.46,9.623539495337395,13040.914946098736,536.6566086420529,4665.854629551247,2417.274652172003,3045.595469628969,4103.29,6649.67,8637.5,8958.03,132583.0,131738.0,26178.0,21383.0,6399.3125,9906.4175,92.46249999999999,-3.052500000000009,4.573782712746459,1576.0,-0.7485107481711011,-0.6631226582407952,-0.8660254037844385,-0.5000000000000004,170470.1,12.046321059872437
2025-08-24,4090.74,0.0,0.0,2231.4,1666.77,140404,94.88,0,121519,16819,193527.33,2025,3,8,34,707,1,8.316725586440928,0,0.0,0,0.0,1,7.710832518914279,1,7.419242683722786,7988.91,8.98593477461678,10611.197473049368,268.32830432102645,2332.9273147756235,3440.0373260860015,3189.5677348144845,7929.61,4103.29,15115.46,8637.5,92396.0,132583.0,39918.0,26178.0,5693.327499999999,10174.975,93.6575,-5.08250000000001,4.552612935249416,1610.0,-0.8229838658936564,-0.5680647467311559,-0.8660254037844385,-0.5000000000000004,193527.33,12.173179189004063
2025-08-31,4116.7,0.0,0.0,782.06,0.0,141670,95.56,0,111165,25311,65119.2,2025,3,8,35,714,1,8.323050034035484,0,0.0,0,0.0,1,6.663209321407491,0,0.0,4898.76,8.496941503307342,9422.298736524685,134.16415216051323,1166.4636573878117,2502.0786630430007,1594.7838674072423,4090.74,7929.61,7988.91,15115.46,121519.0,92396.0,16819.0,39918.0,5060.085,9160.1575,95.1,-4.402500000000003,4.559754322457609,1266.0,-0.8854560256532096,-0.4647231720437691,-0.8660254037844385,-0.5000000000000004,65119.2,11.083990071924777
2025-09-07,4795.53,0.0,0.0,0.0,0.0,143477,93.65,0,93768,34203,864.1,2025,3,9,36,721,1,8.47564801879906,0,0.0,0,0.0,0,0.0,0,0.0,4795.53,8.47564801879906,9506.679368262343,67.08207608025661,583.2318286939059,1251.0393315215003,797.3919337036211,4116.7,4090.74,4898.76,7988.91,111165.0,121519.0,25311.0,16819.0,5233.1449999999995,8199.664999999999,95.25,-6.3125,4.539564428890097,1807.0,-0.9350162426854147,-0.3546048870425359,-1.0,-1.8369701987210297e-16,864.1,6.762845107186329
